solution_index,schedule_signature,total_operational_cost_eur,complexity_score,empty_legs,charged_pilot_days,aircraft_parking_days,empty_nm,crew_balance_score,backup_shortage_days
0,8af2bb5cfc15,56400.0,16,0,94,0,0,12.6868,0
1,e5e7bf0367f2,55800.0,17,0,93,0,0,12.9077,0
2,bdbaed429329,55200.0,17,0,92,0,0,12.9738,0
3,738c7265fd4f,55200.0,17,0,92,0,0,12.9738,0
4,7d3a577e41cb,55800.0,16,0,93,0,0,13.0327,0
5,16e1a4d1fbea,56400.0,17,0,94,0,0,13.0618,0
6,44ce37c54a3e,55200.0,16,0,92,0,0,13.0988,0
7,9036bc8d2af8,55200.0,16,0,92,0,0,13.0988,0
8,b732eb7e8d3d,55200.0,16,0,92,0,0,13.0988,0
9,402729376271,55200.0,17,0,92,0,0,13.3374,0
10,4916db8292cd,55800.0,17,0,93,0,0,15.7658,0
11,f906c187d862,56400.0,17,0,94,0,0,15.9356,0
12,520d132287d3,56400.0,17,0,94,0,0,16.4254,0
13,6e13b1832d72,55800.0,17,0,93,0,0,16.4645,0
14,2d3581895dc7,55800.0,17,0,93,0,0,16.4645,0
