icao,name,lat,lon
EBAW,Antwerp,51.1894,4.4603
EBBR,Brussels Airport,50.901402,4.48444
EBKT,Kortrijk-Wevelgem International Airport,50.818878,3.209551
EBLG,Liege,50.6374,5.4432
EDDC,Dresden Airport,51.134123,13.767831
EDDH,Hamburg,53.6304,9.9882
EDDM,Munich,48.3538,11.7861
EDDV,Hannover Airport,52.461102,9.68508
EFTP,Tampere,61.4141,23.6044
EGAE,Derry,55.0428,-7.1611
EGBB,Birmingham Airport,52.453899,-1.74803
EGGW,London Luton,51.8747,-0.3683
EGKB,London Biggin Hill Airport,51.33079910279999,0.0324999988079
EGMC,London Southend Airport,51.570562,0.693627
EGNM,Leeds Bradford,53.8659,-1.6606
EGPH,Edinburgh Airport,55.950145,-3.372288
EGTC,Cranfield,52.0722,-0.6167
EIDW,Dublin Airport,53.428713,-6.262121
EKAH,Aarhus Airport,56.303331,10.618286
EPGD,Gdansk,54.3776,18.4662
ETNG,Geilenkirchen Air Base,50.9608,6.04242
EYSA,Šiauliai International Airport,55.89390182495117,23.395000457763672
LATI,Tirana International Airport Mother Teresa,41.4147,19.7206
LBSF,Sofia,42.6952,23.4062
LCLK,Larnaca,34.8751,33.6249
LDPL,Pula Airport,44.893501,13.9222
LDRI,Rijeka,45.2169,14.5703
LECO,A Coruna,43.3021,-8.3773
LEIB,Ibiza,38.8729,1.3731
LEMD,Madrid,40.4983,-3.5676
LEMG,Malaga,36.6749,-4.4991
LFMN,Nice,43.6584,7.2159
LFRG,Deauville Normandie airport,49.365237,0.154481
LGAV,Athens,37.9364,23.9445
LHBP,Budapest,47.4369,19.2556
LIRF,Rome Fiumicino,41.8003,12.2389
LIRI,Salerno Costa d'Amalfi Airport,40.620399,14.9113
LIRP,Pisa,43.6839,10.3927
LKPR,Václav Havel Airport Prague,50.100874,14.259911
LOWW,Vienna International Airport,48.110298,16.5697
LPPR,Francisco de Sá Carneiro Airport,41.2481002808,-8.68138980865
LRBS,Bucharest Băneasa Aurel Vlaicu International Airport,44.503133,26.102944
LRCL,Avram Iancu Cluj International Airport,46.786042,23.685733
LSZH,Zürich Airport,47.458056,8.548056
LUKK,Chisinau,46.9277,28.931
LWSK,Skopje International Airport,41.958087,21.622581
LYBE,Belgrade Nikola Tesla Airport,44.818401,20.309099
