id,origin,destination,departure,arrival,pax,fixed_aircraft
M001,ESGG,EHRD,2026-08-31T07:00:00,,15,PHDWP
M002,EBAW,LEIB,2026-08-31T08:00:00,,10,PHDWC
M004,LOWW,LIRP,2026-08-31T09:00:00,,41,PHDWA
M003,LKPR,EGKB,2026-08-31T09:00:00,,24,PHDWS
EMPTY001,LIRP,LEMG,2026-08-31T11:30:00,2026-08-31T13:59:00,0,PH-DWA
M005,LEIB,EBAW,2026-08-31T11:30:00,,13,PHDWC
EMPTY002,EGKB,LFMN,2026-08-31T11:50:00,2026-08-31T13:44:00,0,PH-DWS
M006,LFMN,EGKB,2026-08-31T14:35:00,,28,PHDWS
M007,LEMG,LMML,2026-09-01T04:00:00,,9,PHDWA
M008,LMML,LGAV,2026-09-01T07:10:00,,31,PHDWA
M009,EHRD,LHBP,2026-09-01T10:00:00,,19,PHDWP
EMPTY003,EGKB,EGLF,2026-09-02T11:00:00,2026-09-02T11:27:00,0,PH-DWS
M010,EGLF,LIME,2026-09-02T13:00:00,,20,PHDWS
M011,LHBP,LIME,2026-09-02T15:00:00,,19,PHDWP
EMPTY004,LIME,EGKB,2026-09-02T15:30:00,2026-09-02T17:17:00,0,PH-DWS
EMPTY005,EBLG,ESSA,2026-09-03T03:30:00,2026-09-03T05:45:00,0,PH-DWC
M012,ESSA,LIEO,2026-09-03T06:30:00,,19,PHDWC
M013,LGAV,LMML,2026-09-03T08:00:00,,33,PHDWA
M014,LMML,LEMG,2026-09-03T10:30:00,,11,PHDWA
M015,EGKB,LKPR,2026-09-03T11:30:00,,25,PHDWS
EMPTY006,LIME,LSZH,2026-09-03T13:00:00,2026-09-03T13:44:00,0,PH-DWP
EMPTY007,LEMG,LFRB,2026-09-03T14:00:00,2026-09-03T16:15:00,0,PH-DWA
EMPTY008,LKPR,EBAW,2026-09-03T14:15:00,2026-09-03T15:55:00,0,PH-DWS
EMPTY009,LIEO,LFGA,2026-09-04T05:00:00,2026-09-04T06:41:00,0,PH-DWC
M016,EBAW,LEIB,2026-09-04T07:00:00,,20,PHDWS
M017,LFGA,LFBP,2026-09-04T07:30:00,,30,PHDWC
M018,LSZH,LFTH,2026-09-04T09:25:00,,17,PHDWP
M019,LEIB,EBAW,2026-09-04T10:30:00,,20,PHDWS
EMPTY010,LFTH,LIME,2026-09-04T11:30:00,2026-09-04T12:35:00,0,PH-DWP
M020,LIME,ESGG,2026-09-04T13:30:00,,14,PHDWP
EMPTY011,ESGG,LFTH,2026-09-04T16:30:00,2026-09-04T19:05:00,0,PH-DWP
M021,LFBP,LFGA,2026-09-04T21:30:00,,30,PHDWC
EMPTY012,LFGA,LIRQ,2026-09-04T23:59:00,2026-09-05T01:21:00,0,PH-DWC
EMPTY013,LIEO,LIRQ,2026-09-05T06:00:00,2026-09-05T07:00:00,0,PH-DWC
M022,LIRQ,LYTV,2026-09-05T07:30:00,,16,PHDWC
EMPTY014,LYTV,LIME,2026-09-05T10:00:00,2026-09-05T11:40:00,0,PH-DWC
M023,LFRB,ENZV,2026-09-05T13:00:00,,32,PHDWA
M024,LFTH,LSZH,2026-09-06T14:16:00,,17,PHDWP
EMPTY015,EBLG,LIME,2026-09-06T15:15:00,2026-09-06T16:46:00,0,PH-DWS
EMPTY016,LSZH,LIME,2026-09-06T16:30:00,2026-09-06T17:14:00,0,PH-DWP
M025,ENZV,LFML,2026-09-06T18:00:00,,32,PHDWA
M027,LIME,EGTC,2026-09-06T18:00:00,,30,PHDWC
M026,LIME,EGGW,2026-09-06T18:00:00,,20,PHDWS
M029,LIME,EGGW,2026-09-06T19:00:00,,23,PHDWP
EMPTY017,EGGW,EBLG,2026-09-06T20:45:00,2026-09-06T21:45:00,0,PH-DWS
EMPTY018,LFML,EBLG,2026-09-06T21:30:00,2026-09-06T23:09:00,0,PH-DWA
EMPTY019,EGGW,EBLG,2026-09-06T21:30:00,2026-09-06T22:30:00,0,PH-DWP
M030,EBAW,LEIB,2026-09-07T08:00:00,,20,PHDWS
EMPTY020,EGTC,EGKB,2026-09-07T09:30:00,2026-09-07T10:02:00,0,PH-DWC
M031,LEIB,EBAW,2026-09-07T11:30:00,,20,PHDWS
EMPTY021,EBLG,LFPB,2026-09-08T11:30:00,2026-09-08T12:21:00,0,PH-DWP
M032,LFPB,EKYT,2026-09-08T14:00:00,,35,PHDWP
M033,EBAW,LFRI,2026-09-09T05:00:00,,15,PHDWS
EMPTY022,EGKB,EGLF,2026-09-09T11:00:00,2026-09-09T11:27:00,0,PH-DWC
M034,EGLF,LEMD,2026-09-09T13:00:00,,30,PHDWC
M035,LFRI,EBAW,2026-09-09T15:45:00,,15,PHDWS
M036,EKYT,LFPM,2026-09-09T21:00:00,,35,PHDWP
EMPTY023,LFPM,LFAT,2026-09-11T05:45:00,2026-09-11T06:31:00,0,PH-DWP
M037,EBAW,LEIB,2026-09-11T07:00:00,,20,PHDWS
M038,LFAT,LFLC,2026-09-11T07:30:00,,33,PHDWP
M039,LEIB,EBAW,2026-09-11T10:30:00,,20,PHDWS
M040,LFLC,LFAT,2026-09-11T21:25:00,,33,PHDWP
EMPTY024,LFAT,EBLG,2026-09-11T23:15:00,2026-09-12T00:06:00,0,PH-DWP
EMPTY025,EBLG,EDDH,2026-09-12T12:45:00,2026-09-12T14:01:00,0,PH-DWA
EMPTY026,EBLG,LFQQ,2026-09-12T13:30:00,2026-09-12T14:10:00,0,PH-JSK
M041,EDDH,EDDP,2026-09-12T15:00:00,,42,PHDWA
M042,LFQQ,LFJR,2026-09-12T15:30:00,,40,PHJSK
EMPTY027,EBLG,EDJA,2026-09-13T07:00:00,2026-09-13T08:10:00,0,PH-DWP
M043,EDJA,EDLV,2026-09-13T09:15:00,,25,PHDWP
EMPTY028,EDLV,EBAW,2026-09-13T11:30:00,2026-09-13T12:08:00,0,PH-DWP
EMPTY029,EBAW,LEMD,2026-09-13T14:30:00,2026-09-13T16:46:00,0,PH-DWS
M044,EDDP,EDDH,2026-09-13T17:30:00,,42,PHDWA
M045,LEMD,EGTC,2026-09-13T18:00:00,,30,PHDWS
EMPTY030,EDDH,EBLG,2026-09-13T19:00:00,2026-09-13T20:16:00,0,PH-DWA
M046,LFJR,LFQQ,2026-09-13T19:00:00,,40,PHJSK
M047,LEMD,EGGW,2026-09-13T19:30:00,,30,PHDWC
EMPTY031,LFQQ,EBLG,2026-09-13T20:45:00,2026-09-13T21:25:00,0,PH-JSK
EMPTY032,EGTC,EBLG,2026-09-13T20:55:00,2026-09-13T22:00:00,0,PH-DWS
EMPTY033,EBLG,ETNG,2026-09-14T05:45:00,2026-09-14T06:12:00,0,PH-DWA
M048,ETNG,ENOL,2026-09-14T07:00:00,,35,PHDWA
M049,EBAW,LEIB,2026-09-14T08:00:00,,20,PHDWS
M050,EBAW,EGBB,2026-09-14T09:00:00,,25,PHDWP
EMPTY034,EGGW,LFPB,2026-09-14T10:00:00,2026-09-14T11:05:00,0,PH-DWC
EMPTY035,ENOL,EDDL,2026-09-14T10:30:00,2026-09-14T12:53:00,0,PH-DWA
M051,LEIB,EBAW,2026-09-14T11:30:00,,20,PHDWS
M052,EGBB,EBAW,2026-09-14T15:45:00,,25,PHDWP
EMPTY036,EBAW,LFPB,2026-09-15T05:00:00,2026-09-15T05:59:00,0,PH-DWP
M053,LFPB,LFJL,2026-09-15T06:45:00,,27,PHDWP
EMPTY037,EBAW,LFPB,2026-09-15T08:15:00,2026-09-15T09:12:00,0,PH-DWS
M054,LFJL,EDDB,2026-09-15T08:30:00,,31,PHDWP
M055,EDDL,LIRZ,2026-09-15T09:00:00,,21,PHDWA
EMPTY038,EDDB,EBAW,2026-09-15T10:45:00,2026-09-15T12:15:00,0,PH-DWP
M056,LFPB,EGPE,2026-09-15T11:15:00,,13,PHDWS
M057,LFPB,EGPE,2026-09-15T11:30:00,,13,PHDWC
M058,EGPE,LFPB,2026-09-17T12:30:00,,13,PHDWC
EMPTY039,LFPB,EHGG,2026-09-17T14:30:00,2026-09-17T15:58:00,0,PH-DWC
EMPTY040,LFPB,EBAW,2026-09-17T15:15:00,2026-09-17T16:06:00,0,PH-DWS
M060,EHGG,EKEB,2026-09-18T05:15:00,,12,PHDWC
M061,EBAW,LEIB,2026-09-18T07:00:00,,20,PHDWS
EMPTY041,EBLG,LFQB,2026-09-18T10:00:00,2026-09-18T10:53:00,0,PH-DWP
EMPTY042,EBLG,LFQQ,2026-09-18T10:00:00,2026-09-18T10:40:00,0,PH-JSK
M062,LEIB,EBAW,2026-09-18T10:30:00,,20,PHDWS
M063,LFQB,LFJR,2026-09-18T12:00:00,,35,PHDWP
M064,LFQQ,LFMN,2026-09-18T12:00:00,,40,PHJSK
M065,EKEB,EHGG,2026-09-18T14:00:00,,12,PHDWC
M066,LIRZ,EDDL,2026-09-18T16:00:00,,24,PHDWA
EMPTY043,EDDL,EBLG,2026-09-18T18:30:00,2026-09-18T19:02:00,0,PH-DWA
M067,LFJR,LFQB,2026-09-19T21:00:00,,35,PHDWP
M068,LFMN,LFQQ,2026-09-19T21:55:00,,40,PHJSK
EMPTY044,LFQB,EBLG,2026-09-19T22:30:00,2026-09-19T23:23:00,0,PH-DWP
EMPTY045,LFQQ,EBLG,2026-09-20T11:00:00,2026-09-20T11:40:00,0,PH-JSK
EMPTY046,EHGG,ESMT,2026-09-20T16:00:00,2026-09-20T17:22:00,0,PH-DWC
EMPTY047,EBLG,EGPF,2026-09-21T08:00:00,2026-09-21T09:43:00,0,PH-DWA
M070,ESMT,LGSA,2026-09-21T08:00:00,,27,PHDWC
M069,EBAW,LEIB,2026-09-21T08:00:00,,20,PHDWS
M071,EGPF,LEAL,2026-09-21T11:00:00,,40,PHDWA
M072,LEIB,EBAW,2026-09-21T11:30:00,,20,PHDWS
EMPTY048,LGSA,ESMT,2026-09-21T12:45:00,2026-09-21T16:28:00,0,PH-DWC
EMPTY049,EBAW,EHBK,2026-09-21T14:43:00,2026-09-21T15:19:00,0,PH-DWS
EMPTY050,LEAL,EBLG,2026-09-21T14:55:00,2026-09-21T17:23:00,0,PH-DWA
M073,EBLG,ENCN,2026-09-22T08:30:00,,39,PHDWA
M074,ENCN,EBLG,2026-09-22T23:00:00,,39,PHDWA
M076,ESMT,LGSA,2026-09-24T08:00:00,,14,PHDWC
M075,EBLG,EDMO,2026-09-24T08:00:00,,30,PHDWP
M077,EHBK,LIRI,2026-09-24T08:30:00,,25,PHDWS
EMPTY051,LIRI,EBAW,2026-09-24T11:35:00,2026-09-24T13:51:00,0,PH-DWS
M078,EDMO,EBLG,2026-09-24T18:00:00,,30,PHDWP
M081,LGSA,ESMT,2026-09-25T07:00:00,,19,PHDWC
M080,EBLG,EGSS,2026-09-25T07:00:00,,38,PHDWP
