id,origin,destination,departure,arrival,pax,arrival_source
M001,EBLG,EGAE,2026-07-24T01:05:00,2026-07-24T02:32:07.440758,37,estimated
M002,EBAW,LEIB,2026-07-24T07:05:00,2026-07-24T09:04:52.592747,20,estimated
M003,LFMN,LECO,2026-07-26T10:28:00,2026-07-26T12:17:19.064915,21,estimated
M004,EPGD,EGNM,2026-07-24T10:23:00,2026-07-24T12:16:23.133633,16,estimated
M005,LEIB,EBAW,2026-07-24T10:56:00,2026-07-24T12:55:52.592747,29,estimated
M006,LHBP,EGTC,2026-07-26T18:36:00,2026-07-26T20:45:28.336170,25,estimated
M007,LHBP,EGGW,2026-07-26T19:00:00,2026-07-26T21:07:48.075498,14,estimated
M008,LHBP,EGGW,2026-07-26T19:06:00,2026-07-26T21:13:48.075498,22,estimated
M009,EBAW,LEIB,2026-07-27T08:05:00,2026-07-27T10:04:52.592747,14,estimated
M010,LEIB,EBAW,2026-07-27T11:43:00,2026-07-27T13:42:52.592747,14,estimated
M011,EGNM,LIRP,2026-07-27T11:53:00,2026-07-27T13:56:08.657437,16,estimated
M012,LCLK,LIRF,2026-07-28T06:20:00,2026-07-28T09:08:54.464436,28,estimated
M013,LHBP,LGAV,2026-07-29T10:26:00,2026-07-29T12:04:45.326135,40,estimated
M014,LIRP,LEMD,2026-07-29T10:46:00,2026-07-29T12:31:05.688835,16,estimated
M015,EDDM,LHBP,2026-07-30T05:50:00,2026-07-30T06:44:42.987227,30,estimated
M016,LHBP,LGAV,2026-07-30T11:14:00,2026-07-30T12:52:45.326135,30,estimated
M017,LGAV,LUKK,2026-07-31T06:20:00,2026-07-31T07:55:19.053513,30,estimated
M018,EBAW,LEIB,2026-07-31T07:05:00,2026-07-31T09:04:52.592747,7,estimated
M019,LGAV,LHBP,2026-07-31T10:06:00,2026-07-31T11:44:45.326135,40,estimated
M020,LEMD,LEMG,2026-07-31T10:40:00,2026-07-31T11:24:11.823086,16,estimated
M021,LEIB,EBAW,2026-07-31T10:53:00,2026-07-31T12:52:52.592747,30,estimated
M022,LUKK,EDDM,2026-07-31T11:30:00,2026-07-31T13:22:03.107722,30,estimated
M023,EDDH,EFTP,2026-07-31T14:52:00,2026-07-31T16:35:28.379425,19,estimated
M024,EGGW,EDDC,2026-08-01T14:02:00,2026-08-01T15:29:27.768696,13,estimated
M025,EFTP,EBAW,2026-08-02T09:35:00,2026-08-02T11:53:37.780574,19,estimated
M026,LEMG,LOWW,2026-08-02T12:06:00,2026-08-02T15:04:44.447633,16,estimated
M027,EBAW,LEIB,2026-08-03T08:06:00,2026-08-03T10:05:52.592747,21,estimated
M028,LATI,EIDW,2026-08-03T08:59:00,2026-08-03T12:14:25.255751,41,estimated
M029,EDDC,LDPL,2026-08-03T10:50:00,2026-08-03T11:54:50.407686,13,estimated
M030,LEIB,EBAW,2026-08-03T11:29:00,2026-08-03T13:28:52.592747,9,estimated
M031,LOWW,EGMC,2026-08-04T10:00:00,2026-08-04T11:44:44.007714,16,estimated
M032,LWSK,EBLG,2026-08-05T07:09:00,2026-08-05T09:22:53.677300,37,estimated
M033,LCLK,LRCL,2026-08-05T09:05:00,2026-08-05T11:18:32.616197,17,estimated
M034,EBLG,EGPH,2026-08-05T10:30:00,2026-08-05T11:45:38.970815,37,estimated
M035,EIDW,LATI,2026-08-05T11:15:00,2026-08-05T14:30:25.255751,39,estimated
M036,LDPL,LYBE,2026-08-06T11:00:00,2026-08-06T11:49:46.572040,13,estimated
M037,LPPR,EGBB,2026-08-06T11:20:00,2026-08-06T13:16:47.450577,17,estimated
M038,EGPH,EBLG,2026-08-07T00:32:00,2026-08-07T01:47:38.970815,37,estimated
M039,EBLG,LWSK,2026-08-07T02:44:00,2026-08-07T04:57:53.677300,37,estimated
M040,EBAW,LEIB,2026-08-07T06:50:00,2026-08-07T08:49:52.592747,10,estimated
M041,LKPR,EBKT,2026-08-07T08:26:00,2026-08-07T09:38:04.402077,18,estimated
M042,EGMC,LIRI,2026-08-07T09:35:00,2026-08-07T11:54:00.775906,32,estimated
M043,LEIB,EBAW,2026-08-07T10:46:00,2026-08-07T12:45:52.592747,19,estimated
M044,EYSA,ETNG,2026-08-07T11:09:00,2026-08-07T12:59:17.429080,15,estimated
M045,EGKB,LFRG,2026-08-08T08:15:00,2026-08-08T08:42:17.025723,16,estimated
M046,LPPR,EDDV,2026-08-08T08:45:00,2026-08-08T11:22:09.935301,15,estimated
M047,LSZH,EKAH,2026-08-08T09:00:00,2026-08-08T10:28:30.943760,22,estimated
M048,LYBE,LRBS,2026-08-08T10:50:00,2026-08-08T11:36:18.435897,13,estimated
M049,EKAH,EBBR,2026-08-09T09:40:00,2026-08-09T10:47:11.008030,22,estimated
M050,LIRI,EGMC,2026-08-10T17:10:00,2026-08-10T19:29:00.775906,30,estimated
M051,LFRG,EGKB,2026-08-11T10:54:00,2026-08-11T11:21:17.025723,16,estimated
M052,EBLG,EDDH,2026-07-24T13:00:00,2026-07-24T13:45:56.175564,10,estimated
M053,EBAW,EDDC,2026-07-25T07:00:00,2026-07-25T08:01:15.245363,10,estimated
M055,EBAW,EDDH,2026-07-26T05:00:00,2026-07-26T05:46:33.577836,10,estimated
M056,EBAW,EDDM,2026-07-24T16:00:00,2026-07-24T16:58:25.930396,10,estimated
M057,EBAW,EDDH,2026-07-26T07:00:00,2026-07-26T07:46:33.577836,10,estimated
M058,EDDH,EPGD,2026-07-29T08:00:00,2026-07-29T08:54:14.531889,10,estimated
M059,EBAW,LUKK,2026-07-26T13:00:00,2026-07-26T15:35:01.978009,10,estimated
M060,EBAW,EDDM,2026-08-01T09:15:00,2026-08-01T10:13:25.930396,10,estimated
