pilot_id,date,status,note
C01,2026-07-24,LEAVE,Synthetic test annual leave
C01,2026-07-26,TRAINING,Synthetic test training day
C01,2026-07-28,TRAINING,Synthetic test training day
C01,2026-07-29,UNAVAILABLE,Synthetic test unavailable day
C01,2026-08-01,UNAVAILABLE,Synthetic test unavailable day
C01,2026-08-02,UNAVAILABLE,Synthetic test unavailable day
C01,2026-08-03,UNAVAILABLE,Synthetic test unavailable day
C01,2026-08-04,UNAVAILABLE,Synthetic test unavailable day
C01,2026-08-06,UNAVAILABLE,Synthetic test unavailable day
C02,2026-07-26,TRAINING,Synthetic test training day
C02,2026-07-27,LEAVE,Synthetic test annual leave
C02,2026-07-28,UNAVAILABLE,Synthetic test unavailable day
C02,2026-07-29,UNAVAILABLE,Synthetic test unavailable day
C02,2026-07-30,LEAVE,Synthetic test annual leave
C02,2026-08-02,UNAVAILABLE,Synthetic test unavailable day
C03,2026-07-25,LEAVE,Synthetic test annual leave
C03,2026-07-26,UNAVAILABLE,Synthetic test unavailable day
C03,2026-07-30,LEAVE,Synthetic test annual leave
C03,2026-08-01,UNAVAILABLE,Synthetic test unavailable day
C03,2026-08-04,UNAVAILABLE,Synthetic test unavailable day
C03,2026-08-05,UNAVAILABLE,Synthetic test unavailable day
C03,2026-08-06,UNAVAILABLE,Synthetic test unavailable day
C03,2026-08-09,UNAVAILABLE,Synthetic test unavailable day
C04,2026-07-31,UNAVAILABLE,Synthetic test unavailable day
C04,2026-08-01,UNAVAILABLE,Synthetic test unavailable day
C04,2026-08-03,UNAVAILABLE,Synthetic test unavailable day
C04,2026-08-08,UNAVAILABLE,Synthetic test unavailable day
C04,2026-08-09,UNAVAILABLE,Synthetic test unavailable day
C04,2026-08-10,UNAVAILABLE,Synthetic test unavailable day
C04,2026-08-11,UNAVAILABLE,Synthetic test unavailable day
C05,2026-07-24,LEAVE,Synthetic test annual leave
C05,2026-07-26,UNAVAILABLE,Synthetic test unavailable day
C05,2026-07-28,UNAVAILABLE,Synthetic test unavailable day
C05,2026-07-31,UNAVAILABLE,Synthetic test unavailable day
C05,2026-08-03,LEAVE,Synthetic test annual leave
C05,2026-08-04,LEAVE,Synthetic test annual leave
C05,2026-08-10,LEAVE,Synthetic test annual leave
C06,2026-07-25,UNAVAILABLE,Synthetic test unavailable day
C06,2026-07-27,UNAVAILABLE,Synthetic test unavailable day
C06,2026-07-30,UNAVAILABLE,Synthetic test unavailable day
C06,2026-07-31,LEAVE,Synthetic test annual leave
C06,2026-08-05,UNAVAILABLE,Synthetic test unavailable day
C06,2026-08-07,TRAINING,Synthetic test training day
C06,2026-08-10,UNAVAILABLE,Synthetic test unavailable day
C06,2026-08-11,UNAVAILABLE,Synthetic test unavailable day
C07,2026-07-25,LEAVE,Synthetic test annual leave
C07,2026-07-27,LEAVE,Synthetic test annual leave
C07,2026-07-30,UNAVAILABLE,Synthetic test unavailable day
C07,2026-08-03,UNAVAILABLE,Synthetic test unavailable day
C07,2026-08-05,UNAVAILABLE,Synthetic test unavailable day
C07,2026-08-06,TRAINING,Synthetic test training day
C07,2026-08-08,LEAVE,Synthetic test annual leave
C07,2026-08-09,LEAVE,Synthetic test annual leave
C07,2026-08-10,UNAVAILABLE,Synthetic test unavailable day
C08,2026-07-24,LEAVE,Synthetic test annual leave
C08,2026-07-27,UNAVAILABLE,Synthetic test unavailable day
C08,2026-07-29,UNAVAILABLE,Synthetic test unavailable day
C08,2026-08-01,UNAVAILABLE,Synthetic test unavailable day
C08,2026-08-02,TRAINING,Synthetic test training day
C08,2026-08-07,UNAVAILABLE,Synthetic test unavailable day
C08,2026-08-09,UNAVAILABLE,Synthetic test unavailable day
C08,2026-08-10,UNAVAILABLE,Synthetic test unavailable day
C09,2026-07-24,UNAVAILABLE,Synthetic test unavailable day
C09,2026-07-25,LEAVE,Synthetic test annual leave
C09,2026-07-30,UNAVAILABLE,Synthetic test unavailable day
C09,2026-08-06,UNAVAILABLE,Synthetic test unavailable day
C09,2026-08-08,LEAVE,Synthetic test annual leave
C09,2026-08-09,LEAVE,Synthetic test annual leave
C10,2026-07-24,UNAVAILABLE,Synthetic test unavailable day
C10,2026-07-26,UNAVAILABLE,Synthetic test unavailable day
C10,2026-07-28,UNAVAILABLE,Synthetic test unavailable day
C10,2026-07-29,UNAVAILABLE,Synthetic test unavailable day
C10,2026-08-02,UNAVAILABLE,Synthetic test unavailable day
C10,2026-08-07,UNAVAILABLE,Synthetic test unavailable day
C10,2026-08-08,LEAVE,Synthetic test annual leave
C10,2026-08-11,UNAVAILABLE,Synthetic test unavailable day
C11,2026-07-27,UNAVAILABLE,Synthetic test unavailable day
C11,2026-07-31,UNAVAILABLE,Synthetic test unavailable day
C11,2026-08-01,UNAVAILABLE,Synthetic test unavailable day
C11,2026-08-04,TRAINING,Synthetic test training day
C11,2026-08-06,UNAVAILABLE,Synthetic test unavailable day
C11,2026-08-07,UNAVAILABLE,Synthetic test unavailable day
C11,2026-08-11,UNAVAILABLE,Synthetic test unavailable day
C12,2026-07-25,UNAVAILABLE,Synthetic test unavailable day
C12,2026-07-29,UNAVAILABLE,Synthetic test unavailable day
C12,2026-07-31,UNAVAILABLE,Synthetic test unavailable day
C12,2026-08-03,TRAINING,Synthetic test training day
C12,2026-08-05,UNAVAILABLE,Synthetic test unavailable day
C12,2026-08-07,LEAVE,Synthetic test annual leave
C12,2026-08-08,UNAVAILABLE,Synthetic test unavailable day
F01,2026-07-24,UNAVAILABLE,Synthetic test unavailable day
F01,2026-07-28,UNAVAILABLE,Synthetic test unavailable day
F01,2026-07-31,TRAINING,Synthetic test training day
F01,2026-08-06,UNAVAILABLE,Synthetic test unavailable day
F01,2026-08-08,UNAVAILABLE,Synthetic test unavailable day
F01,2026-08-10,UNAVAILABLE,Synthetic test unavailable day
F01,2026-08-11,TRAINING,Synthetic test training day
F02,2026-07-25,UNAVAILABLE,Synthetic test unavailable day
F02,2026-07-26,UNAVAILABLE,Synthetic test unavailable day
F02,2026-07-27,UNAVAILABLE,Synthetic test unavailable day
F02,2026-07-29,UNAVAILABLE,Synthetic test unavailable day
F02,2026-07-30,LEAVE,Synthetic test annual leave
F02,2026-07-31,UNAVAILABLE,Synthetic test unavailable day
F02,2026-08-04,TRAINING,Synthetic test training day
F02,2026-08-07,UNAVAILABLE,Synthetic test unavailable day
F03,2026-07-24,UNAVAILABLE,Synthetic test unavailable day
F03,2026-07-25,UNAVAILABLE,Synthetic test unavailable day
F03,2026-07-26,UNAVAILABLE,Synthetic test unavailable day
F03,2026-08-01,TRAINING,Synthetic test training day
F03,2026-08-02,TRAINING,Synthetic test training day
F03,2026-08-05,UNAVAILABLE,Synthetic test unavailable day
F03,2026-08-10,LEAVE,Synthetic test annual leave
F04,2026-07-26,UNAVAILABLE,Synthetic test unavailable day
F04,2026-07-27,LEAVE,Synthetic test annual leave
F04,2026-07-28,TRAINING,Synthetic test training day
F04,2026-07-29,UNAVAILABLE,Synthetic test unavailable day
F04,2026-07-30,UNAVAILABLE,Synthetic test unavailable day
F04,2026-08-02,TRAINING,Synthetic test training day
F04,2026-08-07,UNAVAILABLE,Synthetic test unavailable day
F04,2026-08-08,UNAVAILABLE,Synthetic test unavailable day
F04,2026-08-09,LEAVE,Synthetic test annual leave
F04,2026-08-10,UNAVAILABLE,Synthetic test unavailable day
F05,2026-07-26,UNAVAILABLE,Synthetic test unavailable day
F05,2026-07-27,UNAVAILABLE,Synthetic test unavailable day
F05,2026-07-31,UNAVAILABLE,Synthetic test unavailable day
F05,2026-08-03,UNAVAILABLE,Synthetic test unavailable day
F05,2026-08-09,UNAVAILABLE,Synthetic test unavailable day
F06,2026-07-28,UNAVAILABLE,Synthetic test unavailable day
F06,2026-07-30,LEAVE,Synthetic test annual leave
F06,2026-08-01,UNAVAILABLE,Synthetic test unavailable day
F06,2026-08-04,UNAVAILABLE,Synthetic test unavailable day
F06,2026-08-05,LEAVE,Synthetic test annual leave
F06,2026-08-07,UNAVAILABLE,Synthetic test unavailable day
F06,2026-08-08,UNAVAILABLE,Synthetic test unavailable day
F06,2026-08-10,UNAVAILABLE,Synthetic test unavailable day
F06,2026-08-11,UNAVAILABLE,Synthetic test unavailable day
F07,2026-07-24,TRAINING,Synthetic test training day
F07,2026-07-28,UNAVAILABLE,Synthetic test unavailable day
F07,2026-07-29,UNAVAILABLE,Synthetic test unavailable day
F07,2026-08-01,UNAVAILABLE,Synthetic test unavailable day
F07,2026-08-02,UNAVAILABLE,Synthetic test unavailable day
F07,2026-08-03,UNAVAILABLE,Synthetic test unavailable day
F07,2026-08-05,TRAINING,Synthetic test training day
F07,2026-08-08,UNAVAILABLE,Synthetic test unavailable day
F07,2026-08-11,UNAVAILABLE,Synthetic test unavailable day
F08,2026-07-24,LEAVE,Synthetic test annual leave
F08,2026-07-25,TRAINING,Synthetic test training day
F08,2026-07-27,UNAVAILABLE,Synthetic test unavailable day
F08,2026-08-01,TRAINING,Synthetic test training day
F08,2026-08-03,UNAVAILABLE,Synthetic test unavailable day
F08,2026-08-04,UNAVAILABLE,Synthetic test unavailable day
F08,2026-08-09,UNAVAILABLE,Synthetic test unavailable day
F09,2026-07-27,UNAVAILABLE,Synthetic test unavailable day
F09,2026-07-29,UNAVAILABLE,Synthetic test unavailable day
F09,2026-07-30,UNAVAILABLE,Synthetic test unavailable day
F09,2026-07-31,LEAVE,Synthetic test annual leave
F09,2026-08-05,UNAVAILABLE,Synthetic test unavailable day
F09,2026-08-06,UNAVAILABLE,Synthetic test unavailable day
F09,2026-08-09,LEAVE,Synthetic test annual leave
F09,2026-08-11,UNAVAILABLE,Synthetic test unavailable day
F10,2026-07-24,UNAVAILABLE,Synthetic test unavailable day
F10,2026-07-26,UNAVAILABLE,Synthetic test unavailable day
F10,2026-08-01,LEAVE,Synthetic test annual leave
F10,2026-08-02,UNAVAILABLE,Synthetic test unavailable day
F10,2026-08-08,UNAVAILABLE,Synthetic test unavailable day
F11,2026-07-26,UNAVAILABLE,Synthetic test unavailable day
F11,2026-07-29,LEAVE,Synthetic test annual leave
F11,2026-07-30,UNAVAILABLE,Synthetic test unavailable day
F11,2026-08-02,UNAVAILABLE,Synthetic test unavailable day
F11,2026-08-06,UNAVAILABLE,Synthetic test unavailable day
F12,2026-07-25,LEAVE,Synthetic test annual leave
F12,2026-07-31,UNAVAILABLE,Synthetic test unavailable day
F12,2026-08-03,UNAVAILABLE,Synthetic test unavailable day
F12,2026-08-04,TRAINING,Synthetic test training day
F12,2026-08-05,UNAVAILABLE,Synthetic test unavailable day
F12,2026-08-06,LEAVE,Synthetic test annual leave
F12,2026-08-07,UNAVAILABLE,Synthetic test unavailable day
F12,2026-08-11,TRAINING,Synthetic test training day
F13,2026-07-25,UNAVAILABLE,Synthetic test unavailable day
F13,2026-07-28,TRAINING,Synthetic test training day
F13,2026-08-06,UNAVAILABLE,Synthetic test unavailable day
F13,2026-08-09,TRAINING,Synthetic test training day
F13,2026-08-10,UNAVAILABLE,Synthetic test unavailable day
