pilot_id,month,days_already_used,note
C01,2026-07,5,Synthetic test carry-in before 24 Jul
C01,2026-08,0,Synthetic test month start
C02,2026-07,14,Synthetic test carry-in before 24 Jul
C02,2026-08,0,Synthetic test month start
C03,2026-07,11,Synthetic test carry-in before 24 Jul
C03,2026-08,0,Synthetic test month start
C04,2026-07,8,Synthetic test carry-in before 24 Jul
C04,2026-08,0,Synthetic test month start
C05,2026-07,8,Synthetic test carry-in before 24 Jul
C05,2026-08,0,Synthetic test month start
C06,2026-07,11,Synthetic test carry-in before 24 Jul
C06,2026-08,0,Synthetic test month start
C07,2026-07,10,Synthetic test carry-in before 24 Jul
C07,2026-08,0,Synthetic test month start
C08,2026-07,8,Synthetic test carry-in before 24 Jul
C08,2026-08,0,Synthetic test month start
C09,2026-07,11,Synthetic test carry-in before 24 Jul
C09,2026-08,0,Synthetic test month start
C10,2026-07,13,Synthetic test carry-in before 24 Jul
C10,2026-08,0,Synthetic test month start
C11,2026-07,8,Synthetic test carry-in before 24 Jul
C11,2026-08,0,Synthetic test month start
C12,2026-07,11,Synthetic test carry-in before 24 Jul
C12,2026-08,0,Synthetic test month start
F01,2026-07,5,Synthetic test carry-in before 24 Jul
F01,2026-08,0,Synthetic test month start
F02,2026-07,8,Synthetic test carry-in before 24 Jul
F02,2026-08,0,Synthetic test month start
F03,2026-07,9,Synthetic test carry-in before 24 Jul
F03,2026-08,0,Synthetic test month start
F04,2026-07,5,Synthetic test carry-in before 24 Jul
F04,2026-08,0,Synthetic test month start
F05,2026-07,10,Synthetic test carry-in before 24 Jul
F05,2026-08,0,Synthetic test month start
F06,2026-07,11,Synthetic test carry-in before 24 Jul
F06,2026-08,0,Synthetic test month start
F07,2026-07,5,Synthetic test carry-in before 24 Jul
F07,2026-08,0,Synthetic test month start
F08,2026-07,11,Synthetic test carry-in before 24 Jul
F08,2026-08,0,Synthetic test month start
F09,2026-07,11,Synthetic test carry-in before 24 Jul
F09,2026-08,0,Synthetic test month start
F10,2026-07,7,Synthetic test carry-in before 24 Jul
F10,2026-08,0,Synthetic test month start
F11,2026-07,8,Synthetic test carry-in before 24 Jul
F11,2026-08,0,Synthetic test month start
F12,2026-07,12,Synthetic test carry-in before 24 Jul
F12,2026-08,0,Synthetic test month start
F13,2026-07,5,Synthetic test carry-in before 24 Jul
F13,2026-08,0,Synthetic test month start
