id,trigram,name,role,home_base,max_duty_min
C01,WOS,Captain 01,CAPT,EBAW,600
C02,EDC,Captain 02,CAPT,EBAW,600
C03,ROH,Captain 03,CAPT,EBAW,600
C04,BJO,Captain 04,CAPT,EBAW,600
C05,JZI,Captain 05,CAPT,EBAW,600
C06,MWO,Captain 06,CAPT,EBAW,600
C07,GPU,Captain 07,CAPT,EBLG,600
C08,ROY,Captain 08,CAPT,EBLG,600
C09,PBO,Captain 09,CAPT,EBLG,600
C10,MDH,Captain 10,CAPT,EBLG,600
C11,DLI,Captain 11,CAPT,EBLG,600
F01,CGR,First Officer 01,FO,EBAW,600
F02,TVG,First Officer 02,FO,EBAW,600
F03,JVW,First Officer 03,FO,EBAW,600
F04,SJO,First Officer 04,FO,EBAW,600
F05,PCA,First Officer 05,FO,EBAW,600
F06,JPO,First Officer 06,FO,EBAW,600
F07,JES,First Officer 07,FO,EBAW,600
F08,SWM,First Officer 08,FO,EBLG,600
