pilot_id,active,daily_rate_eur,min_paid_days_per_month,max_planned_days_per_month,preferred_home_base,note
C01,true,650,0,,EBAW,
C02,true,600,15,20,EBAW,Test contract: minimum 15 paid days/month; Test planning cap: max 20 days/month
C03,true,600,0,18,EBAW,Test planning cap: max 18 days/month
C04,true,600,12,20,EBAW,Test contract: minimum 12 paid days/month; Test planning cap: max 20 days/month
C05,true,600,0,,EBAW,
C06,true,650,0,,EBAW,
C07,true,600,15,20,EBLG,Test contract: minimum 15 paid days/month; Test planning cap: max 20 days/month
C08,true,600,0,18,EBLG,Test planning cap: max 18 days/month
C09,true,600,0,,EBLG,
C10,true,600,15,20,EBLG,Test contract: minimum 15 paid days/month; Test planning cap: max 20 days/month
C11,true,650,0,,EBLG,
C12,true,600,0,,EBLG,
F01,true,550,0,,EBAW,
F02,true,600,0,18,EBAW,Test planning cap: max 18 days/month
F03,true,600,15,20,EBAW,Test contract: minimum 15 paid days/month; Test planning cap: max 20 days/month
F04,true,600,0,,EBAW,
F05,true,600,12,20,EBAW,Test contract: minimum 12 paid days/month; Test planning cap: max 20 days/month
F06,true,550,0,,EBAW,
F07,true,600,0,,EBAW,
F08,true,600,15,20,EBLG,Test contract: minimum 15 paid days/month; Test planning cap: max 20 days/month
F09,true,600,0,18,EBLG,Test planning cap: max 18 days/month
F10,true,600,12,20,EBLG,Test contract: minimum 12 paid days/month; Test planning cap: max 20 days/month
F11,true,550,0,,EBLG,
F12,true,600,15,20,EBLG,Test contract: minimum 15 paid days/month; Test planning cap: max 20 days/month
F13,true,600,0,,EBLG,
